<?xml version="1.0" encoding="UTF-8"?>
<beans xmlns="http://www.springframework.org/schema/beans" xmlns:util="http://www.springframework.org/schema/util" xmlns:xsi="http://www.w3.org/2001/XMLSchema-instance" xsi:schemaLocation="http://www.springframework.org/schema/beans http://www.springframework.org/schema/beans/spring-beans-3.0.xsd
																																															 http://www.springframework.org/schema/util http://www.springframework.org/schema/util/spring-util-3.0.xsd">
	<bean id="AbsisControlRestart" class="es.lacaixa.absis.batch.arch.internal.generics.AbsisControlRestart" parent="AbsisConfiguracionEntorno">
		<property name="fileACAName">
			<bean class="es.lacaixa.absis.batch.arch.internal.util.AbsisFileSystemResource">
				<constructor-arg ref="fileAPP30LS1" />
			</bean>
		</property>
		<property name="level" value="3" />
		<property name="command" value="command" />
	</bean>
	<!-- Reader a bases de datos -->
	<bean class="es.lacaixa.absis.batch.arch.internal.reader.AbsisJdbcItemReader" id="ReaderBBDD">
		<property name="dataSource" ref="appDataSource"></property>
		<property name="sql" value="SELECT * FROM TDE_CLIENTE WHERE TIMESTAMPBAJA IS NOT NULL"></property>
		<property name="rowMapper">
			<bean class="es.lacaixa.absis.batch.arch.internal.reader.AbsisBaseRowMapper">
				<property name="rowMapper">
					<bean class="es.lacaixa.absis.batch.app.appapp.mappers.RowMapperCliente"></bean>
				</property>
			</bean>
		</property>
	</bean>
	<!-- Reader a bases de datos filter composite -->
	<bean class="es.lacaixa.absis.batch.arch.internal.reader.AbsisJdbcItemReader" id="ReaderBBDD2">
		<property name="dataSource" ref="appDataSource"></property>
		<property name="sql" value="SELECT * FROM TDE_CLIENTE ORDER BY nombre"></property>
		<property name="rowMapper">
			<bean class="es.lacaixa.absis.batch.arch.internal.reader.AbsisBaseRowMapper">
				<property name="rowMapper">
					<bean class="es.lacaixa.absis.batch.app.appapp.mappers.RowMapperCliente"></bean>
				</property>
			</bean>
		</property>
	</bean>
	<!-- Processor estándar -->
	<bean class="es.lacaixa.absis.batch.arch.internal.processor.AbsisGenericItemProcessor" id="ProcessorBBDD">
		<property name="processor">
			<bean class="es.lacaixa.absis.batch.app.appapp.processors.ProcesorCliente"></bean>
		</property>
	</bean>
	<!-- Writer a fichero delimitado por carácter -->
	<bean class="es.lacaixa.absis.batch.arch.internal.writer.AbsisFlatFileItemWriter" id="WriterFichero" scope="step">
		<property name="name" value="WriterFDCaracter"></property>
		<property name="resource">
			<bean class="es.lacaixa.absis.batch.arch.internal.util.AbsisFileSystemResource">
				<constructor-arg ref="fileOutput"></constructor-arg>
			</bean>
		</property>
		<property name="encoding" value="ASCII"></property>
		<property name="lineAggregator">
			<bean class="es.lacaixa.absis.batch.arch.internal.writer.AbsisDelimitedLineAggregator">
				<property name="delimiter" value=";"></property>
				<property name="fieldExtractor">
					<bean class="es.lacaixa.absis.batch.arch.internal.writer.AbsisBeanWrapperFieldExtractor">
						<property name="names" value="nombre,apellidos,nif"></property>
					</bean>
				</property>
			</bean>
		</property>
	</bean>
	<!-- Reader a fichero delimitado por carácter -->
	<bean class="es.lacaixa.absis.batch.arch.internal.reader.AbsisFlatFileItemReader" id="ReaderFich" scope="step">
		<property name="resource">
			<bean class="es.lacaixa.absis.batch.arch.internal.util.AbsisFileSystemResource">
				<constructor-arg ref="fileInput"></constructor-arg>
			</bean>
		</property>
		<property name="encoding" value="ASCII"></property>
		<property name="lineMapper">
			<bean class="es.lacaixa.absis.batch.arch.internal.reader.AbsisLineMapper">
				<property name="lineTokenizer">
					<bean class="es.lacaixa.absis.batch.arch.internal.reader.AbsisDelimitedLineTokenizer">
						<property name="delimiter" value=";"></property>
						<property name="names" value="numCli,nombre,apellidos,direccion,telefono,nif"></property>
					</bean>
				</property>
				<property name="fieldSetMapper">
					<bean class="es.lacaixa.absis.batch.arch.internal.reader.AbsisBeanWrapperFieldSetMapper">
						<property name="targetType" value="es.lacaixa.absis.batch.app.appapp.domain.BeanCliente"></property>
					</bean>
				</property>
			</bean>
		</property>
	</bean>
	<!-- Processor estándar -->
	<bean class="es.lacaixa.absis.batch.arch.internal.processor.AbsisGenericItemProcessor" id="ProcesorFich">
		<property name="processor">
			<bean class="es.lacaixa.absis.batch.app.appapp.processors.ProcesorFich"></bean>
		</property>
	</bean>
	<!-- Writer a bases de datos -->
	<bean class="es.lacaixa.absis.batch.arch.internal.writer.AbsisJdbcItemWriter" id="WriterBBDD">
		<property name="assertUpdates" value="false"></property> <!--Por defecto es true. Cuando es true, hace abendar cuando no se actualiza ningún resultado. -->
		<property name="itemSqlParameterSourceProvider">
			<bean class="es.lacaixa.absis.batch.arch.internal.writer.AbsisBeanPropertyItemSqlParameterSourceProvider"></bean>
		</property>
		<property name="sql" value="INSERT INTO TDE_CLIENTE (CPKCLIENTE, NUMCLI, NOMBRE, APELLIDOS, DIRECCION, TELEFONO, NIF, USUALTA, TIMESTAMPALTA) 
     VALUES (ITRSBCK1.SEQ_CLIENTE.nextval, :numCli, :nombre, :apellidos, :direccion, :telefono, :nif, :usualta, sysdate)"></property>
		<property name="dataSource" ref="appDataSource"></property>
	</bean>
	<!-- Tasklet -->
	<bean class="es.lacaixa.absis.batch.app.appapp.tasklets.TaskletClientes" id="TaskletClientes">
		<property name="ficheroClientes">
			<bean class="es.lacaixa.absis.batch.arch.internal.util.AbsisFileSystemResource">
				<constructor-arg ref="fileInput" />
			</bean>
		</property>
	</bean>
	<bean class="es.lacaixa.absis.batch.arch.internal.writer.AbsisJdbcItemWriter" id="WriterBD">
		<property name="assertUpdates" value="true"></property>
		<property name="itemSqlParameterSourceProvider">
			<bean class="es.lacaixa.absis.batch.arch.internal.writer.AbsisBeanPropertyItemSqlParameterSourceProvider"></bean>
		</property>
		<property name="sql" value="INSERT INTO TDE_CLIENTE (CPKCLIENTE, NUMCLI, NOMBRE, APELLIDOS, DIRECCION, TELEFONO, NIF) 
                            VALUES (ITRSBCK1.SEQ_CLIENTE.nextval, :numCli, :nombre, :apellidos, :direccion, :telefono, :nif )"></property>
		<property name="dataSource" ref="appDataSource"></property>
	</bean>
	<!-- DECIDER-->
	<bean id="MyDecider" class="es.lacaixa.absis.batch.app.appapp.decider.MyDecider"></bean>
	<!-- Envio de mail READER -->
	<bean class="es.lacaixa.absis.batch.arch.internal.reader.AbsisJdbcItemReader" id="ReaderMail">
		<property name="dataSource" ref="appDataSource"></property>
		<property name="sql" value="select NOMBRE, APELLIDOS, DIRECCION from TDE_CLIENTE where CPKCLIENTE = 1 "></property>
		<property name="rowMapper">
			<bean class="es.lacaixa.absis.batch.arch.internal.reader.AbsisBaseRowMapper">
				<property name="rowMapper">
					<bean class="es.lacaixa.absis.batch.app.appapp.mappers.RowMapperMail"></bean>
				</property>
			</bean>
		</property>
	</bean>
	<!-- Envio de mail PROCESOR -->
	<bean id="ProcessorMail" class="es.lacaixa.absis.batch.arch.internal.processor.AbsisGenericItemProcessor">
		<property name="processor">
			<bean class="es.lacaixa.absis.batch.app.appapp.processors.ProcesorEnvio"></bean>
		</property>
	</bean>
	<!-- Envio de mail WTRITER -->
	<bean class="es.lacaixa.absis.batch.arch.internal.writer.AbsisMailWriter" id="WriterMail" />
	<!-- envio MAIL con tasklet-->
	<bean class="es.lacaixa.absis.batch.app.appapp.tasklets.TaskletEnvioMail" id="TaskletEnvioMail">
		<property name="ficheroClientes">
			<bean class="es.lacaixa.absis.batch.arch.internal.util.AbsisFileSystemResource">
				<constructor-arg ref="fileInput" />
			</bean>
		</property>
	</bean>
	<!-- Comprimir y descomprimir-->
	<!--compresor-->
	<bean id="comprimir_zip" scope="step" class="es.lacaixa.absis.batch.arch.internal.generics.AbisGenericCompressZip">
		<property name="fileToCompress">
			<bean class="es.lacaixa.absis.batch.arch.internal.util.AbsisFileSystemResource">
				<constructor-arg ref="fileCompress" />
			</bean>
		</property>
		<property name="selection1" value="APP[!0-9]*"></property>
	</bean>
	<!--descompresor-->
	<bean id="descomprimir_zip" scope="step" class="es.lacaixa.absis.batch.arch.internal.generics.AbisGenericDecompressZip">
		<property name="fileCompress1">
			<bean class="es.lacaixa.absis.batch.arch.internal.util.AbsisFileSystemResource">
				<constructor-arg ref="fileCompress" />
			</bean>
		</property>
	</bean>
	<!-- Reader para leer de bbdd los clientes activos -->
	<bean class="es.lacaixa.absis.batch.arch.internal.reader.AbsisJdbcItemReader" id="ReaderBBDDComposite">
		<property name="dataSource" ref="appDataSource"></property>
		<property name="sql" value="select CPKCLIENTE,NUMCLI,NOMBRE,APELLIDOS,DIRECCION,TELEFONO,NIF,USUALTA,TIMESTAMPALTA,USUMODIF,TIMESTAMPMODIF,USUBAJA,TIMESTAMPBAJA 
    					from TDE_CLIENTE where USUBAJA is null and TIMESTAMPBAJA is null order by CPKCLIENTE"></property>
		<property name="rowMapper">
			<bean class="es.lacaixa.absis.batch.arch.internal.reader.AbsisBaseRowMapper">
				<property name="rowMapper">
					<bean class="es.lacaixa.absis.batch.app.appapp.mappers.RowMapperCliente"></bean>
				</property>
			</bean>
		</property>
	</bean>
	<!-- Writer composite para escribir en fichero y actualizar en bbdd -->
	<bean class="es.lacaixa.absis.batch.arch.internal.writer.AbsisCompositeItemWriter" id="WriterComposite" scope="step">
		<property name="delegates">
			<list>
				<ref bean="WriterCompositeFichero"></ref>
				<ref bean="WriterUpdateBBDD"></ref>
			</list>
		</property>
	</bean>
	<!-- Writer composite para filtros-->
	<bean class="es.lacaixa.absis.batch.arch.internal.writer.AbsisCompositeItemWriter" id="WriterFilterComposite" scope="step">
		<property name="delegates">
			<list>
				<ref bean="WriterFicheroAK" />
				<ref bean="WriterFicheroLZ" />
			</list>
		</property>
	</bean>
	<!-- Writer con filtro A-K-->
	<bean class="es.lacaixa.absis.batch.arch.internal.writer.AbsisFilteredFlatFileItemWriter" id="WriterFicheroAK" scope="step">
		<property name="name" value="WriterFDCaracter"></property>
		<property name="resource">
			<bean class="es.lacaixa.absis.batch.arch.internal.util.AbsisFileSystemResource">
				<constructor-arg ref="fileOutputAK"></constructor-arg>
			</bean>
		</property>
		<property name="encoding" value="ASCII"></property>
		<property name="lineAggregator">
			<bean class="es.lacaixa.absis.batch.arch.internal.writer.AbsisDelimitedLineAggregator">
				<property name="delimiter" value=";"></property>
				<property name="fieldExtractor">
					<bean class="es.lacaixa.absis.batch.arch.internal.writer.AbsisBeanWrapperFieldExtractor">
						<property name="names" value="nombre"></property>
					</bean>
				</property>
			</bean>
		</property>
		<!-- Implementación de filtro -->
		<property name="filter">
			<bean class="es.lacaixa.absis.batch.app.appapp.filter.FilterAK"></bean>
		</property>
	</bean>
	<!-- Writer con filtro LZ-->
	<bean class="es.lacaixa.absis.batch.arch.internal.writer.AbsisFilteredFlatFileItemWriter" id="WriterFicheroLZ" scope="step">
		<property name="name" value="WriterFDCaracter"></property>
		<property name="resource">
			<bean class="es.lacaixa.absis.batch.arch.internal.util.AbsisFileSystemResource">
				<constructor-arg ref="fileOutputLZ"></constructor-arg>
			</bean>
		</property>
		<property name="encoding" value="ASCII"></property>
		<property name="lineAggregator">
			<bean class="es.lacaixa.absis.batch.arch.internal.writer.AbsisDelimitedLineAggregator">
				<property name="delimiter" value=";"></property>
				<property name="fieldExtractor">
					<bean class="es.lacaixa.absis.batch.arch.internal.writer.AbsisBeanWrapperFieldExtractor">
						<property name="names" value="nombre"></property>
					</bean>
				</property>
			</bean>
		</property>
		<!-- Implementación de filtro -->
		<property name="filter">
			<bean class="es.lacaixa.absis.batch.app.appapp.filter.FilterLZ"></bean>
		</property>
	</bean>
	<!-- Writer para escribir en fichero -->
	<bean class="es.lacaixa.absis.batch.arch.internal.writer.AbsisFlatFileItemWriter" id="WriterCompositeFichero" scope="step">
		<property name="name" value="WriterFDCaracter"></property>
		<property name="resource">
			<bean class="es.lacaixa.absis.batch.arch.internal.util.AbsisFileSystemResource">
				<constructor-arg ref="fileOutputCompsite"></constructor-arg>
			</bean>
		</property>
		<property name="encoding" value="ISO8859_1"></property>
		<property name="lineAggregator">
			<bean class="es.lacaixa.absis.batch.arch.internal.writer.AbsisDelimitedLineAggregator">
				<property name="delimiter" value=";"></property>
				<property name="fieldExtractor">
					<bean class="es.lacaixa.absis.batch.arch.internal.writer.AbsisBeanWrapperFieldExtractor">
						<property name="names" value="cpkCliente,numCli,nombre,apellidos,direccion,telefono,nif,usualta,timestampalta,usumodif,timestampmodif,usubaja,timestampbaja"></property>
					</bean>
				</property>
			</bean>
		</property>
	</bean>
	<!-- Writer para actualizar en bbdd -->
	<bean class="es.lacaixa.absis.batch.arch.internal.writer.AbsisJdbcItemWriter" id="WriterUpdateBBDD">
		<property name="assertUpdates" value="true"></property>
		<property name="itemSqlParameterSourceProvider">
			<bean class="es.lacaixa.absis.batch.arch.internal.writer.AbsisBeanPropertyItemSqlParameterSourceProvider"></bean>
		</property>
		<property name="sql" value="UPDATE TDE_CLIENTE SET USUMODIF='BATCH', TIMESTAMPMODIF=SYSDATE WHERE CPKCLIENTE=:cpkCliente"></property>
		<property name="dataSource" ref="appDataSource"></property>
	</bean>

	<!-- TASKLET TAUX-->
	<bean class="es.lacaixa.absis.batch.app.appapp.tasklets.TaskletTaux" id="taux" />
	<bean class="es.lacaixa.absis.batch.app.appapp.tasklets.TaskletTauxPaises" id="tauxPaises" />
	<!-- Writer a aux delimitado por carácter-->
	<bean class="es.lacaixa.absis.batch.app.appapp.tasklets.TaskletTofichero" id="taskletofichero">
		<property name="writer">
			<bean class="es.lacaixa.absis.batch.arch.internal.writer.AbsisFlatFileItemWriter">
				<property name="name" value="WriterFDCaracter"></property>
				<property name="resource">
					<bean class="es.lacaixa.absis.batch.arch.internal.util.AbsisFileSystemResource">
						<constructor-arg ref="fileOutputAux"></constructor-arg>
					</bean>
				</property>
				<property name="encoding" value="ASCII"></property>
				<property name="lineAggregator">
					<bean class="es.lacaixa.absis.batch.arch.internal.writer.AbsisDelimitedLineAggregator">
						<property name="delimiter" value=";"></property>
						<property name="fieldExtractor">
							<bean class="es.lacaixa.absis.batch.arch.internal.writer.AbsisBeanWrapperFieldExtractor">
								<property name="names" value="nombre,apellidos,telefono"></property>
							</bean>
						</property>
					</bean>
				</property>
			</bean>
		</property>
	</bean>
	<!-- Reader AUX a BD-->
	<bean class="es.lacaixa.absis.batch.arch.internal.reader.AbsisJdbcItemReader" id="ReaderAux">
		<property name="dataSource" ref="appDataSource"></property>
		<property name="sql" value="SELECT * FROM TDE_CLIENTE"></property>
		<property name="rowMapper">
			<bean class="es.lacaixa.absis.batch.arch.internal.reader.AbsisBaseRowMapper">
				<property name="rowMapper">
					<bean class="es.lacaixa.absis.batch.app.appapp.mappers.RowMapperAux"></bean>
				</property>
			</bean>
		</property>
	</bean>
	<!-- Reader a fichero delimitado por longitud fija -->
	<bean class="es.lacaixa.absis.batch.arch.internal.reader.AbsisFlatFileItemReader" id="ReaderFicheroLonFija">
		<property name="resource">
			<bean class="es.lacaixa.absis.batch.arch.internal.util.AbsisFileSystemResource">
				<constructor-arg ref="fileAPP11001_LONGFIJA"></constructor-arg>
			</bean>
		</property>
		<property name="encoding" value="ASCII"></property>
		<property name="lineMapper">
			<bean class="es.lacaixa.absis.batch.arch.internal.reader.AbsisLineMapper">
				<property name="lineTokenizer">
					<bean class="es.lacaixa.absis.batch.arch.internal.reader.AbsisFixedLengthTokenizer">
						<property name="columns" value="8-22,22-91,92-111,113-122,284-304,305-314,315-348"></property>
						<property name="names" value="NUMPERSO,NOMPERSO,NIFPERSO,FNACIM,CODLEI,DATCADLEI,FINALCMF"></property>
					</bean>
				</property>
				<property name="fieldSetMapper">
					<bean class="es.lacaixa.absis.batch.arch.internal.reader.AbsisBeanWrapperFieldSetMapper">
						<property name="targetType" value="es.lacaixa.absis.batch.app.appapp.domain.BeanCMF"></property>
					</bean>
				</property>
			</bean>
		</property>
	</bean>
	<!-- Processor estándar fichero longitud fija -->
	<bean class="es.lacaixa.absis.batch.arch.internal.processor.AbsisGenericItemProcessor" id="ProccesorFicheroLonFija">
		<property name="processor">
			<bean class="es.lacaixa.absis.batch.app.appapp.processors.ProccesorFicheroLongitudFija"></bean>
		</property>
	</bean>
	<!-- Writer a fichero delimitado por longitud fija -->
	<bean class="es.lacaixa.absis.batch.arch.internal.writer.AbsisFlatFileItemWriter" id="WriterFicheroLonFija" scope="step">
		<property name="name" value="WriterFDLongFija"></property>
		<property name="resource">
			<bean class="es.lacaixa.absis.batch.arch.internal.util.AbsisFileSystemResource">
				<constructor-arg ref="fileOutputFichLonFija"></constructor-arg>
			</bean>
		</property>
		<property name="encoding" value="ASCII"></property>
		<property name="lineAggregator">
			<bean class="es.lacaixa.absis.batch.arch.internal.writer.AbsisFormatterLineAggregator">
				<property name="format" value="%-13s%-70s%-18s%-9s%-20s%-9s"></property>
				<property name="fieldExtractor">
					<bean class="es.lacaixa.absis.batch.arch.internal.writer.AbsisBeanWrapperFieldExtractor">
						<property name="names" value="NUMPERSO,NOMPERSO,NIFPERSO,FNACIM,CODLEI,DATCADLEI"></property>
					</bean>
				</property>
			</bean>
		</property>
	</bean>
	
	
		<!-- LISTENERS-->
	<bean class="es.lacaixa.absis.batch.arch.internal.listener.AbsisJobExecutionListener" id="JobListener">
		<property name="jobStartListener">
			<bean class="es.lacaixa.absis.batch.app.appapp.listener.JobStartListener" />
		</property>
		<property name="jobEndListener">
			<bean class="es.lacaixa.absis.batch.app.appapp.listener.JobEndListener" />
		</property>
	</bean>
	
	<bean class="es.lacaixa.absis.batch.arch.internal.listener.AbsisJobExecutionListener" id="JobListenerCMF"/>
	
	
	
	
	
	<!-- -->
	<!-- COSORT de 2 arvhivos
	
		<bean id="AbsisGenericCoSort" class="es.lacaixa.absis.batch.arch.internal.generics.AbsisCoSort" parent="AbsisConfiguracionEntorno">
		<property name="inpfileNumber_1">
			<bean class="es.lacaixa.absis.batch.arch.internal.util.AbsisFileSyste
			mResource">
				<constructor-arg ref="APP100010" />
			</bean>
		</property>
		
		
		
		<property name="outfileNumber_1">
			<bean class="es.lacaixa.absis.batch.arch.internal.util.AbsisFileSystemResource">
				<constructor-arg ref="APP00006" />
			</bean>
		</property>
		<property name="controlFile" value="BSM.APPAPP0000201.ctl"></property>
		<property name="cosort_home" value="/opt/cosort"></property>
		<property name="command" value="command" />
	</bean>
	
	
	
	
	 -->
</beans>