<?xml version="1.0" encoding="UTF-8"?>
<beans xmlns="http://www.springframework.org/schema/beans" xmlns:aop="http://www.springframework.org/schema/aop" xmlns:p="http://www.springframework.org/schema/p" xmlns:xsi="http://www.w3.org/2001/XMLSchema-instance" xsi:schemaLocation="http://www.springframework.org/schema/aop http://www.springframework.org/schema/aop/spring-aop-3.0.xsd
																																																											 http://www.springframework.org/schema/batch http://www.springframework.org/schema/batch/spring-batch-3.0.xsd
																																																											 http://www.springframework.org/schema/beans http://www.springframework.org/schema/beans/spring-beans-3.0.xsd">
	<job id="BSM.APPAPP00002" xmlns="http://www.springframework.org/schema/batch">
		<!-- PASO 0: CREACION DEL FICHERO DE LOG -->
		<step id="BSM.APPAPP00002Step0" next="BSM.APPAPP00002Step1">
			<tasklet ref="AbsisControlRestart" allow-start-if-complete="true" />
		</step>
		<!-- PASO 1: R-P-W Lectura de la tabla clientes-->
		<step id="BSM.APPAPP00002Step1" next="BSM.APPAPP00002Step2">
			<tasklet>
				<chunk commit-interval="500" reader="ReaderBBDD" processor="ProcessorBBDD" writer="WriterFichero"></chunk>
			</tasklet>
		</step>
		<!-- PASO 2: R-P-W Lectura fichero e insert en BD   next="BSM.APPAPP00002Step3" -->
		<step id="BSM.APPAPP00002Step2" next="BSM.APPAPP00002Stepextra">
			<tasklet>
				<chunk commit-interval="500" reader="ReaderFich" processor="ProcesorFich" writer="WriterBBDD"></chunk>
			</tasklet>
		</step>
		<!-- CONDITION FLOW -->
		<decision id="BSM.APPAPP00002Stepextra" decider="MyDecider">
			<next on="COMPLETED" to="BSM.APPAPP00002Step3" />
			<next on="FAILED" to="BSM.APPAPP00002Step5" />
		</decision>
		<!--Paso 3 tasklet lectura fichero e insert en la BD  -->
		<step id="BSM.APPAPP00002Step3" next="BSM.APPAPP00002Step4">
			<tasklet ref="TaskletClientes"></tasklet>
		</step>
		<!-- PASO 4: Envío de email con R-P-W -->
		<step id="BSM.APPAPP00002Step4" next="BSM.APPAPP00002Step5">
			<tasklet>
				<chunk commit-interval="500" reader="ReaderMail" processor="ProcessorMail" writer="WriterMail"></chunk>
			</tasklet>
		</step>
		<!-- paso 5 compresion descompresion archivo-->
		<!-- Compresión de ficheros -->
		<step id="BSM.APPAPP00002Step5" next="BSM.APPAPP00002Step6">
			<tasklet ref="comprimir_zip" />
		</step>
		<!--  Descompresión del fichero-->
		<step id="BSM.APPAPP00002Step6" next="BSM.APPAPP00002Step7">
			<tasklet ref="descomprimir_zip" />
		</step>
		<!-- paso 6 envio con tasklet  -->
		<!--  Envío de email con tasklet -->
		<step id="BSM.APPAPP00002Step7" next="BSM.APPAPP00002Step8">
			<tasklet ref="TaskletEnvioMail"></tasklet>
		</step>
		<!-- PASO 7: Lectura de la tabla TDE_CLIENTE ( Clientes activos.) Update base datos-->
		<step id="BSM.APPAPP00002Step8" next="BSM.APPAPP00002Step9">
			<tasklet>
				<chunk commit-interval="500" reader="ReaderBBDDComposite" writer="WriterComposite"></chunk>
			</tasklet>
		</step>
		
		<!-- PASO 8: writer con filtro-->
		<step id="BSM.APPAPP00002Step9" next="BSM.APPAPP00002Step10" >
			<tasklet>
				<chunk commit-interval="500" reader="ReaderBBDD2" writer="WriterFilterComposite"></chunk>
			</tasklet>
		</step>
		
		
		<!-- TAUX tasklet-->
		<step id="BSM.APPAPP00002Step10" next="BSM.APPAPP00002Step11">
			<tasklet ref="taux"></tasklet>
		</step>
		
		<step id="BSM.APPAPP00002Step11" next="BSM.APPAPP00002Step12">
			<tasklet ref="tauxPaises"></tasklet>
		</step>
		
		 <step id="BSM.APPAPP00002Step12" next="BSM.APPAPP00002Step13">
			<tasklet ref="taskletofichero"></tasklet>
		</step>
		
		
		<step id="BSM.APPAPP00002Step13">
			<tasklet>
				<chunk commit-interval="500" reader="ReaderFicheroLonFija" processor="ProccesorFicheroLonFija" writer="WriterFicheroLonFija"></chunk>
			</tasklet>
		</step>
		
		<!-- PASO 8: COSORT de 2 archivos
		
		<step id="BSM.APPAPP00002Step9">
			<tasklet ref="AbsisGenericCosort"></tasklet>
	
		</step>
		
		
		
		-->
		<!-- LISTENERS
		
		<listeners>
			<listener ref="JobListener" />
			
		</listeners>
		-->
		
		<listeners>
			
			<listener ref="JobListenerCMF"/>
		</listeners>
		
		
	</job>
</beans>