<?xml version="1.0" encoding="UTF-8"?>
<beans xmlns="http://www.springframework.org/schema/beans" xmlns:util="http://www.springframework.org/schema/util" xmlns:xsi="http://www.w3.org/2001/XMLSchema-instance" xsi:schemaLocation="http://www.springframework.org/schema/beans http://www.springframework.org/schema/beans/spring-beans-3.0.xsd
																																															 http://www.springframework.org/schema/util http://www.springframework.org/schema/util/spring-util-3.0.xsd">
	<bean class="es.lacaixa.absis.batch.arch.internal.util.AbsisBasicDataSource" id="appDataSource">
		<property name="driverClassName" value="${batch.app.jdbc.appDataSource.driver}"></property>
		<property name="url" value="${batch.app.jdbc.appDataSource.url}"></property>
		<property name="username" value="${batch.app.jdbc.appDataSource.user}"></property>
		<property name="password" value="${batch.app.jdbc.appDataSource.password}"></property>
	</bean>
	<!-- FICHERO DE LOG DEL SNB -->
	<bean id="fileAPP30LS1" class="es.lacaixa.absis.batch.arch.internal.util.AbsisFileIntermedio">
		<constructor-arg value="${batch.app.file.tmp}/APP.APPL30S1.${ENTORNO}.LOG.dat" type="java.lang.String" />
		<property name="esIntermedio" value="true" />
	</bean>
	<!-- ficheros output-->
	<bean class="java.io.File" id="fileOutput">
		<constructor-arg type="java.lang.String" value="${batch.app.file.output.APP00002.name}"></constructor-arg>
	</bean>
	<bean class="java.io.File" id="fileOutputAux">
		<constructor-arg type="java.lang.String" value="${batch.app.file.output.APP00009.name}"></constructor-arg>
	</bean>
	
	
	<!-- FIHCERO LONGITUD FIJA-->
	<bean class="java.io.File" id="fileOutputFichLonFija">
		<constructor-arg type="java.lang.String" value="${batch.app.file.output.APP00010.name}"></constructor-arg>
	</bean>
	<bean class="java.io.File" id="fileOutputCompsite">
		<constructor-arg type="java.lang.String" value="${batch.app.file.output.APP00005.name}"></constructor-arg>
	</bean>
	
	
	<!-- fichero input-->
	<bean class="java.io.File" id="fileInput">
		<constructor-arg type="java.lang.String" value="${batch.app.file.input.APP00002.name}"></constructor-arg>
	</bean>
	<bean id="fileAPP11001_LONGFIJA" class="java.io.File">
		<constructor-arg value="${batch.app.file.input.APP10001.name}" type="java.lang.String" />
	</bean>
	
	
	
	<!--Fichero a comprimir-->
	<bean class="java.io.File" id="fileCompress">
		<constructor-arg type="java.lang.String" value="${batch.app.file.output.APP00003.name}"></constructor-arg>
	</bean>
	<!-- Fichero descomprimir
	-->
	<bean class="java.io.File" id="fileDecompress">
		<constructor-arg type="java.lang.String" value="${batch.app.file.output.APP00004.name}" />
	</bean>
	<!-- bean referncia a File1-->
	<bean id="fileAPP11001" class="java.io.File">
		<constructor-arg value="${batch.app.file.input.APP100010.name}" type="java.lang.String" />
	</bean>
	<!-- bean referncia a File2-->
	<bean id="fileAPP11000" class="java.io.File">
		<constructor-arg value="${batch.app.file.input.APP100011.name}" type="java.lang.String" />
	</bean>
	<!-- bean referncia a solucion output-->
	<bean id="fileAPP12000" class="java.io.File">
		<constructor-arg value="${batch.app.file.output.APP00006.name}" type="java.lang.String" />
	</bean>
	<!-- filtro ficher AK-->
	<bean id="fileOutputAK" class="java.io.File">
		<constructor-arg value="${batch.app.file.output.APP00007.name}" type="java.lang.String" />
	</bean>
	<!--Filtro Fichero LK-->
	<bean id="fileOutputLZ" class="java.io.File">
		<constructor-arg value="${batch.app.file.output.APP00008.name}" type="java.lang.String" />
	</bean>
</beans>
